Date,Minimum temperature (째C),Maximum temperature (째C),Rainfall (mm),Evaporation (mm),Sunshine (hours),Direction of maximum wind gust ,Speed of maximum wind gust (km/h),Time of maximum wind gust,9am Temperature (째C),9am relative humidity (%),9am cloud amount (oktas),9am wind direction,9am wind speed (km/h),9am MSL pressure (hPa),3pm Temperature (째C),3pm relative humidity (%),3pm cloud amount (oktas),3pm wind direction,3pm wind speed (km/h),3pm MSL pressure (hPa),Average_Temperature,Temperature_Range,Rain_Status,Rain_Category,Year,Month,Day,Month_Name,Season
2024-01-01,12.6,23.2,0.0,7.2,11.4,SSW,31.0,14:35,17.6,65,7,SW,4,1021.7,22.5,60,7.0,SSW,13,1017.7,17.9,10.6,No Rain,No Rain,2024,1,1,January,Summer
2024-02-01,16.9,24.7,0.0,6.8,3.3,SW,41.0,14:23,19.6,81,7,NNW,7,1017.4,21.9,77,8.0,SW,15,1014.8,20.799999999999997,7.800000000000001,No Rain,No Rain,2024,2,1,February,Summer
2024-03-01,17.8,26.9,17.8,5.8,3.6,S,30.0,21:34,19.3,100,7, ,Calm,1015.4,26.3,70,7.0,S,6,1013.3,22.35,9.099999999999998,Rainy,Heavy,2024,3,1,March,Autumn
2024-04-01,17.8,21.9,1.0,4.0,3.2,SSW,33.0,17:46,18.3,80,8,SSW,11,1020.1,20.3,71,7.0,SSW,15,1019.8,19.85,4.099999999999998,Rainy,Light,2024,4,1,April,Autumn
2024-05-01,15.9,28.9,0.0,4.8,5.7,SE,31.0,18:48,19.9,81,7,NW,6,1021.2,26.4,58,6.0,SSW,9,1019.0,22.4,12.999999999999998,No Rain,No Rain,2024,5,1,May,Autumn
2024-06-01,16.7,32.6,0.0,5.6,9.4,N,35.0,9:33,21.7,68,6,ENE,2,1019.0,31.7,36,7.0,NNW,7,1014.6,24.65,15.900000000000002,No Rain,No Rain,2024,6,1,June,Winter
2024-07-01,21.4,27.2,0.0,8.4,0.2,NNE,43.0,9:21,26.1,50,7,N,15,1010.8,20.5,95,8.0,NNE,11,1009.6,24.299999999999997,5.800000000000001,No Rain,No Rain,2024,7,1,July,Winter
2024-08-01,19.9,20.3,37.8,9.4,0.0,SW,31.0,11:47,20.2,100,7,SSW,9,1007.4,18.3,100,7.0,SW,11,1010.0,20.1,0.40000000000000213,Rainy,Heavy,2024,8,1,August,Winter
2024-09-01,15.5,24.2,25.6,1.0,10.9,SSW,31.0,13:08,19.6,77,7,ESE,6,1014.2,22.9,67,4.0,SW,17,1012.4,19.85,8.7,Rainy,Heavy,2024,9,1,September,Spring
2024-10-01,16.9,27.4,0.2,4.4,12.8,SSW,39.0,10:46,22.1,72,1,NNE,9,1011.8,22.4,74,6.0,S,15,1014.6,22.15,10.5,Rainy,Light,2024,10,1,October,Spring
2024-11-01,17.5,23.1,0.0,7.6,10.0,S,41.0,14:44,19.2,63,7,SSE,7,1021.2,22.3,65,4.0,SSW,19,1020.7,20.3,5.600000000000001,No Rain,No Rain,2024,11,1,November,Spring
2024-12-01,16.3,33.4,0.0,6.8,12.5,NNW,31.0,11:32,20.6,74,1,N,9,1018.2,27.8,60,6.0,SSW,13,1014.4,24.85,17.099999999999998,No Rain,No Rain,2024,12,1,December,Summer
2024-01-13,19.1,21.7,0.0,6.6,0.5,S,31.0,16:22,20.7,73,8,SSE,9,1019.0,18.7,82,8.0,S,11,1020.3,20.4,2.599999999999998,No Rain,No Rain,2024,1,13,January,Summer
2024-01-14,16.0,22.9,0.4,3.6,8.2,S,44.0,15:18,17.8,66,7,SSE,9,1022.7,21.4,63,7.0,SSW,19,1020.1,19.45,6.899999999999999,Rainy,Light,2024,1,14,January,Summer
2024-01-15,17.2,30.2,0.0,5.8,10.1,SSW,31.0,14:50,21.5,68,5,NNW,6,1020.4,28.1,47,2.0,S,13,1017.0,23.7,13.0,No Rain,No Rain,2024,1,15,January,Summer
2024-01-16,20.6,31.9,0.0,7.8,12.5,N,44.0,10:21,24.2,50,1,N,17,1013.2,30.1,44,1.0,N,20,1008.1,26.25,11.299999999999997,No Rain,No Rain,2024,1,16,January,Summer
2024-01-17,19.0,21.5,8.2,9.4,4.1,N,43.0,2:15,19.0,93,8,WNW,4,1005.6,20.5,71,5.0,S,13,1004.6,20.25,2.5,Rainy,Moderate,2024,1,17,January,Summer
2024-01-18,14.2,21.6,12.2,5.0,9.4,WSW,44.0,13:52,16.9,60,2,NW,17,1006.3,19.7,57,6.0,WSW,19,1005.8,17.9,7.400000000000002,Rainy,Heavy,2024,1,18,January,Summer
2024-01-19,14.7,20.8,0.2,7.8,3.5,WSW,30.0,23:26,15.9,75,6,W,6,1011.6,19.6,67,7.0,S,9,1011.6,17.75,6.100000000000001,Rainy,Light,2024,1,19,January,Summer
2024-01-20,14.1,28.7,0.0,2.6,2.7,N,43.0,17:47,15.8,82,7,NNE,11,1008.3,26.3,41,7.0,N,17,1005.8,21.4,14.6,No Rain,No Rain,2024,1,20,January,Summer
2024-01-21,15.8,20.5,0.0,7.0,3.9,SSW,39.0,14:45,18.4,70,7,W,7,1007.5,19.2,64,8.0,S,17,1009.9,18.15,4.699999999999999,No Rain,No Rain,2024,1,21,January,Summer
2024-01-22,15.7,20.2,0.0,4.6,7.6,SSW,33.0,15:41,16.8,59,7,SSE,9,1016.4,19.5,52,7.0,S,17,1016.3,17.95,4.5,No Rain,No Rain,2024,1,22,January,Summer
2024-01-23,12.8,31.7,0.0,5.4,12.6,N,28.0,16:28,16.4,75,7,NNE,7,1014.4,29.8,32,4.0,N,11,1009.3,22.25,18.9,No Rain,No Rain,2024,1,23,January,Summer
2024-01-24,16.4,30.2,0.2,11.0,11.0,N,54.0,4:49,24.6,50,4,SSW,13,1007.1,22.8,63,5.0,SSW,15,1007.3,23.299999999999997,13.8,Rainy,Light,2024,1,24,January,Summer
2024-01-25,17.4,23.8,0.0,7.0,0.6,NNW,24.0,15:36,19.1,72,7, ,Calm,1009.1,23.4,50,7.0,NNW,9,1007.1,20.6,6.400000000000002,No Rain,No Rain,2024,1,25,January,Summer
2024-01-26,16.2,22.3,5.2,2.8,11.7,WSW,33.0,9:23,18.9,63,2,WNW,11,1006.6,22.1,48,7.0,SSW,13,1007.3,19.25,6.100000000000001,Rainy,Moderate,2024,1,26,January,Summer
2024-01-27,12.1,24.7,0.0,5.8,10.1,S,37.0,15:43,16.4,63,1,NW,9,1009.5,24.0,38,4.0,SW,13,1007.3,18.4,12.6,No Rain,No Rain,2024,1,27,January,Summer
2024-01-28,15.5,26.3,0.0,7.6,11.2,S,24.0,14:42,18.6,68,7,WSW,9,1012.8,24.2,52,3.0,SSE,9,1011.6,20.9,10.8,No Rain,No Rain,2024,1,28,January,Summer
2024-01-29,16.9,27.2,0.0,5.4,11.7,SSW,41.0,18:11,20.6,77,1,N,6,1011.1,24.0,66,1.0,SSW,17,1011.1,22.049999999999997,10.3,No Rain,No Rain,2024,1,29,January,Summer
2024-01-30,18.1,23.3,0.0,7.8,10.7,SSW,41.0,15:49,19.0,70,7,SSE,13,1016.4,21.5,65,1.0,SSW,15,1013.7,20.700000000000003,5.199999999999999,No Rain,No Rain,2024,1,30,January,Summer
2024-01-31,15.6,21.6,0.0,5.8,7.7,SSW,35.0,14:12,18.5,57,7,SSE,11,1017.7,20.5,60,2.0,SSW,19,1017.5,18.6,6.000000000000002,No Rain,No Rain,2024,1,31,January,Summer
2024-01-02,15.3,24.3,0.0,5.6,11.1,S,35.0,14:25,18.3,68,7,W,9,1016.7,23.7,55,1.0,SSW,13,1013.6,19.8,9.0,No Rain,No Rain,2024,1,2,January,Summer
2024-02-02,15.7,20.9,0.0,8.0,12.9,S,35.0,16:26,17.5,62,3,WSW,11,1014.5,20.2,55,1.0,SSE,17,1014.3,18.299999999999997,5.199999999999999,No Rain,No Rain,2024,2,2,February,Summer
2024-03-02,12.1,33.4,0.0,7.6,13.0,SSW,30.0,16:46,17.0,65,0,NNE,11,1011.7,29.9,28,0.0,SSW,9,1007.8,22.75,21.299999999999997,No Rain,No Rain,2024,3,2,March,Autumn
2024-04-02,15.2,37.5,0.0,8.0,12.6,N,50.0,13:15,19.5,68,1,NNE,9,1006.4,35.6,22,1.0,NNW,24,1000.0,26.35,22.3,No Rain,No Rain,2024,4,2,April,Autumn
2024-05-02,19.5,19.9,0.0,14.6,0.0,S,35.0,6:40,19.6,78,7,SSW,9,1007.5,18.4,64,7.0,S,13,1010.4,19.7,0.3999999999999986,No Rain,No Rain,2024,5,2,May,Autumn
2024-06-02,16.0,21.1,1.0,3.4,11.9,SSW,35.0,11:48,17.6,54,4,SSE,9,1018.0,20.4,46,2.0,SSW,15,1019.7,18.55,5.100000000000001,Rainy,Light,2024,6,2,June,Winter
2024-07-02,12.4,21.9,0.2,7.2,12.9,SSW,39.0,14:10,17.7,63,5,ESE,9,1024.0,21.8,52,4.0,SSW,19,1024.1,17.15,9.499999999999998,Rainy,Light,2024,7,2,July,Winter
2024-08-02,14.6,22.4,0.0,6.4,10.9,SSW,31.0,15:16,16.9,71,7,SE,13,1026.4,21.4,59,1.0,SSW,13,1024.4,18.5,7.799999999999999,No Rain,No Rain,2024,8,2,August,Winter
2024-09-02,16.9,21.2,0.0,6.4,7.7,SW,35.0,14:46,18.9,71,7,S,15,1026.1,20.8,57,5.0,SSW,15,1025.6,19.049999999999997,4.300000000000001,No Rain,No Rain,2024,9,2,September,Spring
2024-10-02,15.1,26.7,0.0,6.6,9.6,SE,33.0,1:20,17.1,67,7,SSE,9,1026.4,25.6,46,1.0,WSW,7,1022.2,20.9,11.6,No Rain,No Rain,2024,10,2,October,Spring
2024-11-02,17.1,33.2,0.0,7.6,12.2,NNW,50.0,17:25,23.5,54,0,N,20,1019.8,31.3,38,1.0,N,20,1016.1,25.150000000000002,16.1,No Rain,No Rain,2024,11,2,November,Spring
2024-12-02,18.7,35.8,0.0,10.0,12.2,NNW,50.0,13:26,25.2,53,0,NE,7,1015.4,35.4,29,3.0,NNW,22,1011.2,27.25,17.099999999999998,No Rain,No Rain,2024,12,2,December,Summer
2024-02-13,20.0,36.7,0.0,11.8,9.0,N,54.0,9:58,29.3,41,1,N,24,1007.2,32.9,39,6.0,N,19,1000.1,28.35,16.700000000000003,No Rain,No Rain,2024,2,13,February,Summer
2024-02-14,14.4,20.3,1.2,12.0,8.2,WSW,31.0,23:21,15.2,66,7,W,9,1016.8,19.3,46,6.0,S,17,1018.4,17.35,5.9,Rainy,Light,2024,2,14,February,Summer
2024-02-15,12.4,20.9,0.0,6.4,11.0,SSW,35.0,15:23,16.3,52,1,SE,9,1022.7,19.8,51,7.0,S,19,1021.9,16.65,8.499999999999998,No Rain,No Rain,2024,2,15,February,Summer
2024-02-16,12.8,22.9,0.0,5.8,8.6,SSW,35.0,16:58,15.7,72,8,NNE,7,1023.2,21.5,59,7.0,SSW,15,1021.3,17.85,10.099999999999998,No Rain,No Rain,2024,2,16,February,Summer
2024-02-17,14.1,23.1,0.0,5.2,7.6,SSW,31.0,15:44,17.3,81,8,NNE,4,1022.8,22.1,59,7.0,SSW,15,1021.3,18.6,9.000000000000002,No Rain,No Rain,2024,2,17,February,Summer
2024-02-18,15.4,21.8,0.0,5.6,8.2,SSW,33.0,17:13,18.4,69,8,ESE,7,1021.8,21.1,59,2.0,SSW,13,1020.6,18.6,6.4,No Rain,No Rain,2024,2,18,February,Summer
2024-02-19,17.4,22.2,0.0,7.0,9.5,SSW,33.0,15:57,18.2,65,7,SSE,9,1021.6,21.4,61,1.0,SSW,13,1019.8,19.799999999999997,4.800000000000001,No Rain,No Rain,2024,2,19,February,Summer
2024-02-20,16.2,29.2,0.0,7.6,8.9,SSW,28.0,16:47,19.8,71,7, ,Calm,1016.7,27.2,56,5.0,S,11,1013.3,22.7,13.0,No Rain,No Rain,2024,2,20,February,Summer
2024-02-21,19.3,33.9,0.0,8.0,10.8,N,41.0,11:15,24.7,52,4,NNE,9,1014.5,33.3,31,2.0,NNE,20,1011.4,26.6,14.599999999999998,No Rain,No Rain,2024,2,21,February,Summer
2024-02-22,21.5,35.9,0.0,13.6,8.0,N,57.0,13:34,27.2,45,7,N,22,1009.1,35.7,32,2.0,N,24,1003.7,28.7,14.399999999999999,No Rain,No Rain,2024,2,22,February,Summer
2024-02-23,17.4,21.9,3.8,12.0,1.7,S,39.0,18:30,19.0,56,7,SW,9,1010.6,20.4,48,7.0,S,17,1013.0,19.65,4.5,Rainy,Moderate,2024,2,23,February,Summer
2024-02-24,16.0,20.3,0.0,7.4,8.6,SSW,31.0,15:40,17.0,53,7,SSE,13,1020.2,19.9,55,1.0,SSW,15,1019.6,18.15,4.300000000000001,No Rain,No Rain,2024,2,24,February,Summer
2024-02-25,11.7,30.9,0.0,6.2,9.5,S,41.0,19:31,17.5,68,4,N,11,1015.9,30.6,27,7.0,SSW,9,1012.5,21.299999999999997,19.2,No Rain,No Rain,2024,2,25,February,Summer
2024-02-26,16.7,20.4,0.0,7.8,6.1,SSW,37.0,14:20,17.9,65,7,S,9,1018.9,19.7,56,7.0,SSW,17,1019.4,18.549999999999997,3.6999999999999993,No Rain,No Rain,2024,2,26,February,Summer
2024-02-27,12.9,27.4,0.0,6.4,10.9,,,,16.7,70,1,NE,7,1016.1,25.7,53,1.0,SW,11,1012.6,20.15,14.499999999999998,No Rain,No Rain,2024,2,27,February,Summer
2024-02-28,16.6,36.3,0.0,8.8,5.3,NNE,50.0,16:43,23.5,51,3,N,11,1011.6,31.4,40,6.0,NNE,13,1008.4,26.45,19.699999999999996,No Rain,No Rain,2024,2,28,February,Summer
2024-02-29,18.5,24.7,0.0,10.0,5.6,SSW,28.0,14:35,19.0,71,7,WSW,13,1014.0,23.2,55,3.0,SSW,15,1014.6,21.6,6.199999999999999,No Rain,No Rain,2024,2,29,February,Summer
2024-01-03,14.4,28.1,0.0,5.2,11.0,SSW,37.0,16:13,18.0,72,3,NE,2,1015.1,26.5,49,3.0,SSW,9,1011.7,21.25,13.700000000000001,No Rain,No Rain,2024,1,3,January,Summer
2024-02-03,15.9,20.7,0.0,5.6,8.1,S,35.0,13:08,18.7,67,3,S,11,1017.1,19.4,50,7.0,S,19,1018.6,18.3,4.799999999999999,No Rain,No Rain,2024,2,3,February,Summer
2024-03-03,12.8,20.9,0.0,6.2,4.5,SSE,39.0,14:46,15.8,58,7,WSW,11,1018.8,20.6,52,7.0,S,15,1019.4,16.85,8.099999999999998,No Rain,No Rain,2024,3,3,March,Autumn
2024-04-03,13.2,20.7,0.0,5.8,10.8,SSW,35.0,14:50,15.4,54,7,SE,9,1024.8,19.5,51,1.0,S,19,1023.1,16.95,7.5,No Rain,No Rain,2024,4,3,April,Autumn
2024-05-03,11.8,32.1,0.0,6.2,11.3,N,31.0,9:40,14.3,78,1,NE,9,1019.5,30.2,26,1.0,N,13,1016.0,21.950000000000003,20.3,No Rain,No Rain,2024,5,3,May,Autumn
2024-06-03,14.3,25.1,0.0,10.0,8.1,S,33.0,15:01,19.1,56,5, ,Calm,1016.9,23.8,54,4.0,SSW,17,1016.5,19.700000000000003,10.8,No Rain,No Rain,2024,6,3,June,Winter
2024-07-03,16.9,21.9,0.0,6.4,9.8,SSW,35.0,15:48,17.9,64,7,SE,13,1025.1,21.2,54,3.0,SSW,15,1024.0,19.4,5.0,No Rain,No Rain,2024,7,3,July,Winter
2024-08-03,14.2,26.0,0.0,5.4,9.8,SSW,26.0,15:08,17.7,75,7,N,6,1023.3,23.6,58,1.0,SSW,13,1020.2,20.1,11.8,No Rain,No Rain,2024,8,3,August,Winter
2024-09-03,16.9,37.6,0.0,6.6,11.4,N,57.0,9:15,21.2,73,0,NNE,6,1019.0,35.9,29,3.0,N,24,1016.5,27.25,20.700000000000003,No Rain,No Rain,2024,9,3,September,Spring
2024-10-03,21.2,36.9,0.0,18.0,11.1,N,39.0,9:01,28.4,35,1,N,19,1022.6,36.2,26,2.0,NNW,19,1021.0,29.049999999999997,15.7,No Rain,No Rain,2024,10,3,October,Spring
2024-11-03,20.5,35.1,0.0,14.0,9.2,NNW,44.0,14:46,23.6,55,7,NNE,9,1022.1,33.6,27,6.0,N,22,1018.2,27.8,14.600000000000001,No Rain,No Rain,2024,11,3,November,Spring
2024-12-03,22.8,23.1,0.0,16.0,0.3,SSW,35.0,10:35,22.9,71,7,SSW,15,1017.3,20.4,74,8.0,SSW,11,1019.2,22.950000000000003,0.3000000000000007,No Rain,No Rain,2024,12,3,December,Summer
2024-03-13,17.2,19.9,1.2,2.2,0.1,SE,22.0,23:35,17.3,84,7,ENE,4,1018.5,19.1,74,7.0,SSE,9,1015.8,18.549999999999997,2.6999999999999993,Rainy,Light,2024,3,13,March,Autumn
2024-03-14,16.4,22.7,0.4,1.0,5.6,SSW,39.0,13:23,18.3,77,8,SSE,9,1015.5,20.7,71,6.0,SSW,17,1016.0,19.549999999999997,6.300000000000001,Rainy,Light,2024,3,14,March,Autumn
2024-03-15,15.7,27.8,0.0,4.0,10.0,SSE,30.0,17:29,18.5,76,3,E,2,1020.3,26.9,41,1.0,SSW,6,1017.9,21.75,12.100000000000001,No Rain,No Rain,2024,3,15,March,Autumn
2024-03-16,14.4,29.6,0.0,6.0,10.9,S,26.0,14:54,17.1,77,0,NNE,7,1020.7,29.0,30,1.0,ENE,9,1015.8,22.0,15.200000000000001,No Rain,No Rain,2024,3,16,March,Autumn
2024-03-17,17.1,30.2,0.0,8.8,10.6,SSE,33.0,17:16,20.6,60,5,N,11,1015.2,27.4,39,4.0,S,11,1011.8,23.65,13.099999999999998,No Rain,No Rain,2024,3,17,March,Autumn
2024-03-18,16.3,31.9,0.0,7.6,11.0,NNW,26.0,10:33,19.9,64,1,ENE,6,1014.4,29.5,33,4.0,NE,9,1011.1,24.1,15.599999999999998,No Rain,No Rain,2024,3,18,March,Autumn
2024-03-19,19.7,28.6,0.0,11.0,5.7,NNW,69.0,10:16,25.5,53,5,NNE,11,1009.0,26.9,56,7.0,NNW,22,1007.8,24.15,8.900000000000002,No Rain,No Rain,2024,3,19,March,Autumn
2024-03-20,13.2,18.4,0.2,7.4,10.4,S,48.0,14:38,14.3,57,1,W,13,1022.7,17.3,43,4.0,S,19,1026.1,15.799999999999999,5.199999999999999,Rainy,Light,2024,3,20,March,Autumn
2024-03-21,9.4,20.5,0.2,6.4,10.8,SSE,30.0,9:56,13.5,61,1, ,Calm,1030.7,19.7,43,0.0,SSW,15,1026.9,14.95,11.1,Rainy,Light,2024,3,21,March,Autumn
2024-03-22,9.7,20.8,0.0,5.0,10.9,S,33.0,13:12,12.8,73,1,NE,7,1025.4,19.9,53,1.0,S,17,1022.9,15.25,11.100000000000001,No Rain,No Rain,2024,3,22,March,Autumn
2024-03-23,11.9,19.8,0.0,6.0,6.8,S,33.0,12:13,14.1,82,6, ,Calm,1026.4,19.3,56,6.0,S,15,1024.7,15.850000000000001,7.9,No Rain,No Rain,2024,3,23,March,Autumn
2024-03-24,12.2,22.3,0.0,3.6,7.8,SSW,22.0,15:52,14.6,59,7,WNW,6,1024.0,21.2,44,1.0,S,9,1021.2,17.25,10.100000000000001,No Rain,No Rain,2024,3,24,March,Autumn
2024-03-25,14.3,22.6,0.0,4.6,10.9,S,26.0,12:42,15.4,67,1,NNW,13,1021.2,21.1,53,1.0,SSW,11,1018.7,18.450000000000003,8.3,No Rain,No Rain,2024,3,25,March,Autumn
2024-03-26,13.1,21.8,0.0,5.0,8.5,SSW,24.0,11:48,14.8,76,7,W,2,1023.0,20.8,49,1.0,SSW,9,1021.8,17.45,8.700000000000001,No Rain,No Rain,2024,3,26,March,Autumn
2024-03-27,14.8,20.5,0.6,3.4,3.4,S,31.0,14:24,15.9,82,4,WSW,6,1025.9,20.2,59,7.0,S,13,1025.8,17.65,5.699999999999999,Rainy,Light,2024,3,27,March,Autumn
2024-03-28,15.7,20.4,0.2,5.0,7.3,SSW,28.0,12:39,16.4,58,7,SE,7,1027.0,19.2,56,2.0,SSW,15,1025.7,18.049999999999997,4.699999999999999,Rainy,Light,2024,3,28,March,Autumn
2024-03-29,10.6,28.0,0.0,4.0,10.6,N,31.0,11:57,12.9,83,0,NNE,6,1025.6,25.9,42,1.0,SW,7,1022.1,19.3,17.4,No Rain,No Rain,2024,3,29,March,Autumn
2024-03-30,12.9,22.4,0.0,6.2,9.9,SSW,24.0,13:03,15.0,91,7,NNE,7,1026.4,21.6,58,1.0,SSW,13,1024.9,17.65,9.499999999999998,No Rain,No Rain,2024,3,30,March,Autumn
2024-03-31,13.5,20.9,0.0,4.0,7.7,SSW,20.0,15:12,14.9,95,7,SE,4,1023.9,19.4,70,0.0,SW,7,1020.1,17.2,7.399999999999999,No Rain,No Rain,2024,3,31,March,Autumn
2024-01-05,8.2,18.8,0.2,2.2,9.4,SSE,28.0,14:25,12.5,75,1,SSE,7,1033.4,18.3,49,2.0,SE,9,1030.7,13.5,10.600000000000001,Rainy,Light,2024,1,5,January,Summer
2024-02-05,8.3,16.6,0.0,1.6,5.7,S,19.0,0:20,10.3,91,7,NNE,6,1033.4,16.2,64,1.0,SW,6,1030.6,12.450000000000001,8.3,No Rain,No Rain,2024,2,5,February,Summer
2024-03-05,6.6,17.1,0.0,1.0,9.1,SE,17.0,20:30,8.9,88,3,NE,7,1031.0,16.4,71,6.0,SW,7,1027.2,11.850000000000001,10.500000000000002,No Rain,No Rain,2024,3,5,March,Autumn
2024-04-05,5.9,16.4,0.0,2.0,3.1,NNE,15.0,13:15,8.5,100,7,NNE,7,1027.1,16.2,63,7.0, ,Calm,1024.5,11.149999999999999,10.499999999999998,No Rain,No Rain,2024,4,5,April,Autumn
2024-05-05,8.4,18.3,0.0,1.0,3.3,SSE,30.0,20:10,12.0,93,7, ,Calm,1027.1,16.3,75,2.0,SW,9,1026.4,13.350000000000001,9.9,No Rain,No Rain,2024,5,5,May,Autumn
2024-06-05,9.6,19.7,0.0,1.2,6.6,SSE,28.0,14:04,12.5,100,7,SE,11,1033.3,19.2,55,2.0,SE,11,1030.3,14.649999999999999,10.1,No Rain,No Rain,2024,6,5,June,Winter
2024-07-05,8.3,16.4,0.0,2.2,9.2,S,17.0,12:25,13.3,83,1,N,9,1033.1,15.4,74,1.0,S,7,1030.6,12.35,8.099999999999998,No Rain,No Rain,2024,7,5,July,Winter
2024-08-05,10.2,18.3,0.0,2.0,6.9,SSW,15.0,13:17,13.0,82,7,NE,7,1033.0,17.7,65,2.0,SW,7,1029.7,14.25,8.100000000000001,No Rain,No Rain,2024,8,5,August,Winter
2024-09-05,9.7,16.6,0.0,2.4,0.3,NW,17.0,22:09,12.7,100,7, ,Calm,1031.9,16.0,81,7.0,SSW,7,1029.8,13.15,6.900000000000002,No Rain,No Rain,2024,9,5,September,Spring
2024-10-05,12.7,17.1,14.0,0.2,0.1,N,13.0,5:22,14.0,100,8, ,Calm,1030.2,16.1,89,8.0,SSW,6,1028.2,14.9,4.400000000000002,Rainy,Heavy,2024,10,5,October,Spring
2024-11-05,12.8,19.2,1.8,0.0,3.0,ESE,28.0,14:02,14.2,100,8, ,Calm,1028.3,18.1,61,7.0,SE,13,1025.9,16.0,6.399999999999999,Rainy,Light,2024,11,5,November,Spring
2024-12-05,8.6,18.7,0.0,2.8,9.6,SSW,15.0,15:40,11.3,98,1,ENE,2,1025.0,18.0,68,1.0,SW,7,1021.8,13.649999999999999,10.1,No Rain,No Rain,2024,12,5,December,Summer
2024-05-13,9.2,18.9,0.0,2.4,7.8,SW,24.0,19:59,11.6,88,1,NE,9,1023.0,17.3,67,4.0,SSW,9,1021.7,14.049999999999999,9.7,No Rain,No Rain,2024,5,13,May,Autumn
2024-05-14,11.6,16.7,0.0,2.6,3.8,SSE,22.0,13:25,13.8,60,7,W,9,1028.5,16.1,57,5.0,SSW,9,1028.5,14.149999999999999,5.1,No Rain,No Rain,2024,5,14,May,Autumn
2024-05-15,6.7,17.8,0.0,1.6,8.1,NW,19.0,11:34,9.1,85,5,NE,9,1030.1,16.5,58,2.0,SSW,9,1028.1,12.25,11.100000000000001,No Rain,No Rain,2024,5,15,May,Autumn
2024-05-16,6.5,17.7,0.0,2.0,9.2,SSW,15.0,14:09,9.4,86,1,NNE,7,1030.0,17.2,57,1.0,S,7,1027.3,12.1,11.2,No Rain,No Rain,2024,5,16,May,Autumn
2024-05-17,7.6,15.8,0.0,2.2,1.4,SW,35.0,14:55,12.2,83,5,NNW,9,1027.1,12.7,90,7.0,SSW,17,1026.6,11.7,8.200000000000001,No Rain,No Rain,2024,5,17,May,Autumn
2024-05-18,7.8,13.9,1.8,1.6,9.3,SSE,28.0,10:44,10.6,56,2,SE,9,1032.7,13.3,45,1.0,SW,11,1031.0,10.85,6.1000000000000005,Rainy,Light,2024,5,18,May,Autumn
2024-05-19,6.2,15.4,0.0,1.8,0.2,NW,26.0,3:52,11.4,74,7,NW,6,1025.3,14.1,95,7.0,WNW,2,1022.3,10.8,9.2,No Rain,No Rain,2024,5,19,May,Autumn
2024-05-20,10.2,14.7,3.2,0.6,0.7,SSW,24.0,0:05,11.0,100,7,SW,7,1027.4,13.9,76,7.0,SSW,11,1027.5,12.45,4.5,Rainy,Moderate,2024,5,20,May,Autumn
2024-05-21,10.3,14.7,0.8,2.0,0.4,SSW,19.0,12:56,11.6,88,8,SSW,4,1030.8,13.6,66,6.0,S,9,1029.2,12.5,4.399999999999999,Rainy,Light,2024,5,21,May,Autumn
2024-05-22,5.1,16.2,0.2,0.4,5.6,SSW,17.0,13:58,7.4,88,1,NNE,9,1028.9,15.9,67,5.0,S,6,1026.5,10.649999999999999,11.1,Rainy,Light,2024,5,22,May,Autumn
2024-05-23,7.3,15.2,0.8,0.6,4.8,SSW,15.0,13:12,11.4,95,7,E,2,1029.2,14.8,66,7.0,SSW,6,1027.3,11.25,7.8999999999999995,Rainy,Light,2024,5,23,May,Autumn
2024-05-24,5.9,13.7,0.0,1.0,0.0,SSW,15.0,15:46,9.0,83,7,NE,6,1029.0,13.6,82,7.0,SSW,2,1027.3,9.8,7.799999999999999,No Rain,No Rain,2024,5,24,May,Autumn
2024-05-25,8.7,17.1,0.0,0.4,6.7,NNE,13.0,8:30,12.1,91,7,N,6,1028.5,14.7,72,1.0,SSW,6,1025.8,12.9,8.400000000000002,No Rain,No Rain,2024,5,25,May,Autumn
2024-05-26,5.2,16.7,0.0,1.4,9.6,NNE,15.0,6:19,6.3,100,0,NNE,9,1027.1,16.3,55,1.0,S,6,1024.2,10.95,11.5,No Rain,No Rain,2024,5,26,May,Autumn
2024-05-27,5.2,20.2,0.0,1.2,9.5,NNE,17.0,9:10,7.6,85,0,NNE,11,1026.6,19.5,37,0.0,NNW,9,1024.3,12.7,15.0,No Rain,No Rain,2024,5,27,May,Autumn
2024-05-28,7.4,20.0,0.0,2.8,9.4,NNE,26.0,12:36,10.1,72,0,NE,9,1027.6,19.5,45,0.0,NNE,15,1025.2,13.7,12.6,No Rain,No Rain,2024,5,28,May,Autumn
2024-05-29,7.9,19.5,0.0,4.0,9.0,N,54.0,13:37,12.9,57,1,N,13,1024.8,19.1,44,2.0,N,26,1020.8,13.7,11.6,No Rain,No Rain,2024,5,29,May,Autumn
2024-05-30,12.9,20.4,0.0,6.6,0.2,N,65.0,9:48,17.4,60,7,N,20,1015.3,20.0,52,8.0,N,24,1009.7,16.65,7.499999999999998,No Rain,No Rain,2024,5,30,May,Autumn
2024-05-31,14.2,18.4,3.6,4.0,8.5,NNW,43.0,11:17,14.8,60,1,N,17,1012.1,17.9,38,7.0,WNW,13,1013.1,16.299999999999997,4.199999999999999,Rainy,Moderate,2024,5,31,May,Autumn
2024-01-06,7.3,14.0,0.0,3.0,3.0,S,26.0,15:11,10.2,76,2,NNE,2,1025.9,13.5,69,6.0,SSW,13,1025.2,10.65,6.7,No Rain,No Rain,2024,1,6,January,Summer
2024-02-06,5.4,13.9,0.2,0.2,0.9,S,35.0,11:02,8.9,97,7, ,Calm,1027.0,13.3,59,6.0,S,9,1024.1,9.65,8.5,Rainy,Light,2024,2,6,February,Summer
2024-03-06,8.2,14.6,0.8,1.6,1.6,S,24.0,13:15,9.6,89,7,SW,6,1016.5,13.4,64,5.0,SSW,11,1012.9,11.399999999999999,6.4,Rainy,Light,2024,3,6,March,Autumn
2024-04-06,7.2,13.8,0.0,1.0,0.2,NW,20.0,2:04,11.1,65,7,NNW,13,1018.0,12.8,60,7.0,S,6,1016.9,10.5,6.6000000000000005,No Rain,No Rain,2024,4,6,April,Autumn
2024-05-06,8.6,14.7,0.0,1.0,2.1,S,24.0,15:18,10.5,84,7,NNE,2,1022.5,14.4,63,7.0,SSW,7,1022.8,11.649999999999999,6.1,No Rain,No Rain,2024,5,6,May,Autumn
2024-06-06,8.9,17.1,0.0,1.4,4.5,SSE,31.0,12:56,11.4,84,7,S,2,1027.3,16.3,60,3.0,SSE,11,1025.2,13.0,8.200000000000001,No Rain,No Rain,2024,6,6,June,Winter
2024-07-06,9.3,16.0,0.0,1.2,1.7,,,,10.8,100,4,SSE,7,1025.0,15.1,72,,S,13,1020.8,12.65,6.699999999999999,No Rain,No Rain,2024,7,6,July,Winter
2024-08-06,7.8,14.3,0.2,1.0,0.1,S,17.0,12:13,11.2,100,7,SE,2,1018.0,12.9,95,7.0,SSW,9,1016.1,11.05,6.500000000000001,Rainy,Light,2024,8,6,August,Winter
2024-09-06,11.1,14.6,0.4,0.2,0.1,NW,19.0,4:31,11.8,99,8,WSW,6,1018.5,13.7,67,7.0,SSW,6,1018.7,12.85,3.5,Rainy,Light,2024,9,6,September,Spring
2024-10-06,5.5,15.6,0.8,1.0,7.0,N,54.0,23:50,7.3,99,2,NE,6,1024.1,15.1,43,7.0,N,15,1020.2,10.55,10.1,Rainy,Light,2024,10,6,October,Spring
2024-11-06,7.2,16.8,2.8,3.0,2.6,N,61.0,7:15,12.2,79,8,N,28,1011.6,15.7,64,4.0,NNW,15,1007.1,12.0,9.600000000000001,Rainy,Moderate,2024,11,6,November,Spring
2024-12-06,9.6,12.9,5.6,2.4,3.4,W,37.0,4:58,10.9,74,4,SW,11,1016.2,12.6,52,7.0,SSW,11,1019.5,11.25,3.3000000000000007,Rainy,Moderate,2024,12,6,December,Summer
2024-06-13,8.3,10.1,0.8,1.0,0.0,W,17.0,9:39,9.3,86,7,WSW,7,1023.5,9.6,99,7.0, ,Calm,1022.0,9.2,1.799999999999999,Rainy,Light,2024,6,13,June,Winter
2024-06-14,8.0,12.2,1.2,0.4,0.1,N,15.0,9:50,8.6,100,7,NNE,6,1020.9,12.1,70,7.0,SSE,4,1018.7,10.1,4.199999999999999,Rainy,Light,2024,6,14,June,Winter
2024-06-15,4.1,14.4,0.0,0.6,4.1,ESE,33.0,11:48,6.3,100,7, ,Calm,1022.7,13.3,65,6.0,S,11,1021.2,9.25,10.3,No Rain,No Rain,2024,6,15,June,Winter
2024-06-16,6.1,13.4,0.0,0.8,4.7,S,39.0,19:04,8.6,79,3,SW,7,1022.1,12.8,65,7.0,S,13,1021.3,9.75,7.300000000000001,No Rain,No Rain,2024,6,16,June,Winter
2024-06-17,7.5,13.9,0.2,1.6,6.3,S,24.0,0:57,8.8,89,7, ,Calm,1022.6,13.4,62,2.0,SSW,11,1020.9,10.7,6.4,Rainy,Light,2024,6,17,June,Winter
2024-06-18,3.6,13.0,0.0,1.8,6.1,SSW,17.0,15:15,5.5,86,5,NNE,7,1020.9,12.2,60,3.0,SSW,7,1018.1,8.3,9.4,No Rain,No Rain,2024,6,18,June,Winter
2024-06-19,1.4,12.9,0.0,0.8,8.6,NNE,24.0,14:42,3.2,86,1,NNE,9,1018.6,12.2,48,4.0,N,11,1015.6,7.15,11.5,No Rain,No Rain,2024,6,19,June,Winter
2024-06-20,3.1,13.9,0.0,1.6,0.7,SSE,17.0,20:49,7.1,73,7,NNE,7,1017.4,11.3,58,7.0,SSW,7,1016.1,8.5,10.8,No Rain,No Rain,2024,6,20,June,Winter
2024-06-21,4.0,13.2,0.0,0.8,1.1,SSW,24.0,12:59,5.9,88,7, ,Calm,1023.0,12.7,62,7.0,SSW,13,1023.8,8.6,9.2,No Rain,No Rain,2024,6,21,June,Winter
2024-06-22,5.1,13.3,0.2,1.0,5.1,SSW,20.0,12:17,7.1,100,3,NE,7,1031.0,12.2,72,7.0,SSW,9,1029.3,9.2,8.200000000000001,Rainy,Light,2024,6,22,June,Winter
2024-06-23,2.2,15.0,0.0,1.4,8.6,N,24.0,14:39,2.9,100,1,NNE,9,1027.8,14.9,51,1.0,N,13,1022.8,8.6,12.8,No Rain,No Rain,2024,6,23,June,Winter
2024-06-24,2.9,13.5,0.0,2.0,3.0,N,39.0,12:28,6.7,81,7,NNE,9,1018.6,12.5,57,6.0,NNE,15,1015.1,8.2,10.6,No Rain,No Rain,2024,6,24,June,Winter
2024-06-25,6.7,16.8,0.0,1.8,6.1,N,43.0,1:55,10.3,75,7,N,9,1015.4,16.5,45,4.0,N,19,1013.7,11.75,10.100000000000001,No Rain,No Rain,2024,6,25,June,Winter
2024-06-26,10.0,14.4,0.2,3.4,5.5,NNW,35.0,14:05,10.2,69,1,N,17,1014.9,13.7,50,4.0,NNW,17,1014.2,12.2,4.4,Rainy,Light,2024,6,26,June,Winter
2024-06-27,9.3,16.6,0.2,1.6,8.1,NNW,28.0,10:57,11.2,77,1,NNW,9,1019.8,15.1,45,3.0,NNW,11,1019.3,12.950000000000001,7.300000000000001,Rainy,Light,2024,6,27,June,Winter
2024-06-28,8.2,16.8,0.0,1.8,6.1,N,50.0,22:49,12.1,71,3,NNW,20,1022.3,15.6,54,7.0,N,26,1018.1,12.5,8.600000000000001,No Rain,No Rain,2024,6,28,June,Winter
2024-06-29,12.0,12.9,0.0,5.2,0.0,N,50.0,0:32,12.8,51,7,N,19,1013.1,10.6,89,7.0,NW,7,1013.4,12.45,0.9000000000000004,No Rain,No Rain,2024,6,29,June,Winter
2024-06-30,7.0,12.2,7.0,2.0,4.0,SSE,35.0,12:45,7.6,87,6,SW,6,1021.0,10.7,77,7.0,SSW,11,1021.8,9.6,5.199999999999999,Rainy,Moderate,2024,6,30,June,Winter
2024-01-07,6.8,12.0,4.4,0.4,5.4,S,19.0,12:45,7.5,97,7,NE,2,1028.4,11.6,61,3.0,SSW,7,1028.3,9.4,5.2,Rainy,Moderate,2024,1,7,January,Summer
2024-02-07,3.8,12.4,0.0,0.2,7.1,SSW,22.0,15:23,5.7,90,7,NE,6,1034.4,11.5,51,4.0,SSW,11,1033.0,8.1,8.600000000000001,No Rain,No Rain,2024,2,7,February,Summer
2024-03-07,1.0,11.7,0.0,1.2,8.9,SSW,17.0,15:58,2.8,84,0,NE,9,1037.9,10.6,67,1.0,WSW,9,1036.7,6.35,10.7,No Rain,No Rain,2024,3,7,March,Autumn
2024-04-07,1.3,11.9,0.0,0.6,2.9,NE,15.0,8:39,2.3,95,1,NE,11,1040.3,10.7,84,8.0,WSW,6,1037.9,6.6000000000000005,10.6,No Rain,No Rain,2024,4,7,April,Autumn
2024-05-07,2.2,11.4,0.0,0.6,0.0,SSE,17.0,19:10,8.8,96,7, ,Calm,1041.1,11.0,87,8.0,SW,7,1039.9,6.800000000000001,9.2,No Rain,No Rain,2024,5,7,May,Autumn
2024-06-07,3.7,10.5,0.0,0.4,5.7,ESE,13.0,10:41,7.6,82,7,ENE,2,1041.5,9.9,72,1.0,S,7,1038.0,7.1,6.8,No Rain,No Rain,2024,6,7,June,Winter
2024-07-07,3.4,16.9,0.0,0.6,7.2,NE,24.0,14:59,3.6,100,1,NE,9,1035.0,15.8,44,5.0,NE,17,1028.9,10.149999999999999,13.499999999999998,No Rain,No Rain,2024,7,7,July,Winter
2024-08-07,3.5,16.6,0.0,1.6,0.3,NNE,41.0,13:15,9.4,77,7,NNE,4,1023.0,15.5,65,7.0,NNE,22,1017.4,10.05,13.100000000000001,No Rain,No Rain,2024,8,7,August,Winter
2024-09-07,9.3,13.1,8.4,1.2,0.0,SSW,30.0,17:37,11.4,100,8,W,6,1020.2,12.3,100,8.0,SW,9,1020.3,11.2,3.799999999999999,Rainy,Moderate,2024,9,7,September,Spring
2024-10-07,10.2,14.3,11.8,3.0,3.8,NNE,35.0,23:38,10.5,80,7,WNW,9,1021.9,12.9,63,1.0,N,9,1019.8,12.25,4.100000000000001,Rainy,Heavy,2024,10,7,October,Spring
2024-11-07,9.7,13.6,0.0,1.6,0.3,N,52.0,16:23,12.1,69,7,NNE,17,1017.5,13.4,62,7.0,N,28,1013.0,11.649999999999999,3.9000000000000004,No Rain,No Rain,2024,11,7,November,Spring
2024-12-07,10.2,14.8,3.6,0.0,5.1,N,30.0,1:18,10.4,100,8,N,9,1015.4,14.6,65,1.0,SSW,2,1014.0,12.5,4.600000000000001,Rainy,Moderate,2024,12,7,December,Summer
2024-07-13,7.9,13.7,0.8,1.2,5.2,SSW,24.0,14:18,10.4,93,1,W,7,1017.3,12.6,73,6.0,SSW,11,1016.1,10.8,5.799999999999999,Rainy,Light,2024,7,13,July,Winter
2024-07-14,6.8,12.0,3.4,2.0,3.4,SSW,30.0,16:46,7.5,92,7,SW,9,1016.3,11.3,69,2.0,SW,11,1013.3,9.4,5.2,Rainy,Moderate,2024,7,14,July,Winter
2024-07-15,7.3,12.1,1.2,0.4,0.7,WSW,41.0,11:37,9.0,80,4,WNW,13,1007.8,10.3,80,8.0,W,15,1004.1,9.7,4.8,Rainy,Light,2024,7,15,July,Winter
2024-07-16,9.0,13.6,19.6,0.6,0.0,S,37.0,2:02,12.1,100,8,SSW,9,1005.8,13.0,88,8.0,SSW,9,1007.1,11.3,4.6,Rainy,Heavy,2024,7,16,July,Winter
2024-07-17,8.6,14.0,0.2,0.6,1.2,SSW,33.0,18:57,10.3,100,8,SW,4,1012.4,12.3,85,7.0,SW,13,1011.6,11.3,5.4,Rainy,Light,2024,7,17,July,Winter
2024-07-18,7.3,12.1,1.0,1.2,3.9,WSW,28.0,12:17,8.5,82,3,WSW,9,1017.1,11.0,63,6.0,SSW,6,1015.6,9.7,4.8,Rainy,Light,2024,7,18,July,Winter
2024-07-19,7.7,12.1,0.0,1.6,0.1,N,57.0,20:16,9.5,66,7,N,20,1010.5,11.2,67,8.0,N,28,1005.3,9.9,4.3999999999999995,No Rain,No Rain,2024,7,19,July,Winter
2024-07-20,9.5,12.2,0.0,2.4,0.1,N,46.0,0:09,10.8,60,7,NW,20,997.5,11.7,85,7.0,W,15,1002.5,10.85,2.6999999999999993,No Rain,No Rain,2024,7,20,July,Winter
2024-07-21,7.9,16.6,4.0,2.8,4.6,NW,31.0,14:44,10.0,76,5,N,11,1018.2,14.3,62,7.0,N,17,1017.6,12.25,8.700000000000001,Rainy,Moderate,2024,7,21,July,Winter
2024-07-22,9.9,17.1,0.6,0.8,5.1,NNW,41.0,12:19,12.3,81,3,N,17,1021.9,17.0,58,7.0,NNW,19,1021.2,13.5,7.200000000000001,Rainy,Light,2024,7,22,July,Winter
2024-07-23,11.1,17.7,0.0,2.8,7.1,NNW,50.0,15:19,12.7,57,7,N,17,1023.9,17.0,46,7.0,N,19,1020.9,14.399999999999999,6.6,No Rain,No Rain,2024,7,23,July,Winter
2024-07-24,11.0,15.8,0.2,4.3,1.1,N,56.0,15:45,11.6,56,7,N,19,1019.1,15.7,48,8.0,N,22,1013.8,13.4,4.800000000000001,Rainy,Light,2024,7,24,July,Winter
2024-07-25,11.5,13.7,0.0,3.4,1.9,N,54.0,2:09,12.7,64,8,N,15,1010.3,12.5,77,7.0,N,9,1009.1,12.6,2.1999999999999993,No Rain,No Rain,2024,7,25,July,Winter
2024-07-26,7.7,14.5,3.2,1.6,8.7,NNW,54.0,15:14,9.8,74,1,N,19,1017.2,14.0,61,1.0,N,31,1015.9,11.1,6.8,Rainy,Moderate,2024,7,26,July,Winter
2024-07-27,9.7,11.8,0.0,3.0,1.7,W,52.0,17:48,10.2,74,7,N,19,1016.4,9.1,86,7.0,SW,6,1016.5,10.75,2.1000000000000014,No Rain,No Rain,2024,7,27,July,Winter
2024-07-28,5.4,11.7,6.2,1.0,4.1,SSW,41.0,14:24,7.1,82,6,WSW,11,1024.0,11.2,57,7.0,SSW,13,1025.5,8.55,6.299999999999999,Rainy,Moderate,2024,7,28,July,Winter
2024-07-29,7.0,11.7,2.8,1.2,0.3,W,17.0,1:10,8.1,100,8,WSW,4,1031.6,11.4,93,7.0, ,Calm,1031.3,9.35,4.699999999999999,Rainy,Moderate,2024,7,29,July,Winter
2024-07-30,6.8,13.9,1.2,0.0,7.5,SSW,19.0,14:36,7.5,96,7,NE,11,1037.5,12.4,69,2.0,SSW,9,1035.9,10.35,7.1000000000000005,Rainy,Light,2024,7,30,July,Winter
2024-07-31,3.5,10.2,0.0,1.0,5.2,NE,13.0,4:31,5.0,100,8,NNE,7,1037.8,9.2,78,1.0,N,9,1036.0,6.85,6.699999999999999,No Rain,No Rain,2024,7,31,July,Winter
2024-01-10,8.5,17.2,0.0,4.0,5.2,SSW,30.0,10:59,15.3,67,7,W,6,1025.0,16.2,62,6.0,S,13,1025.3,12.85,8.7,No Rain,No Rain,2024,1,10,January,Summer
2024-02-10,7.4,17.1,0.0,3.6,11.3,SSW,30.0,17:04,13.5,59,1,SSE,11,1030.7,15.0,60,1.0,S,17,1027.8,12.25,9.700000000000001,No Rain,No Rain,2024,2,10,February,Summer
2024-03-10,8.0,26.1,0.0,4.0,11.3,N,39.0,9:40,17.1,65,2,NNE,7,1026.5,25.8,34,2.0,N,15,1020.7,17.05,18.1,No Rain,No Rain,2024,3,10,March,Autumn
2024-04-10,17.1,24.4,0.0,8.4,4.6,N,63.0,10:40,19.6,59,2,NNE,20,1011.8,21.6,49,7.0,N,20,1006.2,20.75,7.299999999999997,No Rain,No Rain,2024,4,10,April,Autumn
2024-05-10,11.9,20.1,0.2,6.6,6.1,NNW,44.0,11:41,17.3,56,7,NNW,15,1006.0,15.1,88,8.0,WSW,2,1004.6,16.0,8.200000000000001,Rainy,Light,2024,5,10,May,Autumn
2024-06-10,12.8,20.8,12.6,3.2,6.9,NNW,37.0,12:54,14.9,65,3,NNW,11,1009.5,19.4,41,7.0,WNW,15,1011.6,16.8,8.0,Rainy,Heavy,2024,6,10,June,Winter
2024-07-10,14.2,18.0,0.2,5.6,0.2,SW,44.0,12:53,15.6,64,7,NNW,17,1014.4,14.4,78,7.0,S,11,1017.4,16.1,3.8000000000000007,Rainy,Light,2024,7,10,July,Winter
2024-08-10,9.5,14.2,0.2,3.0,10.7,SSW,35.0,15:11,11.8,51,4,SE,11,1026.6,13.8,50,4.0,SSW,17,1027.0,11.85,4.699999999999999,Rainy,Light,2024,8,10,August,Winter
2024-09-10,4.4,19.2,0.0,4.4,11.7,SW,20.0,11:42,10.6,63,1,SE,2,1027.2,16.5,46,1.0,SSW,11,1022.5,11.8,14.799999999999999,No Rain,No Rain,2024,9,10,September,Spring
2024-10-10,10.3,20.0,0.0,6.0,10.6,N,50.0,7:02,15.3,58,6,N,20,1019.4,17.5,49,1.0,S,15,1021.7,15.15,9.7,No Rain,No Rain,2024,10,10,October,Spring
2024-11-10,7.9,16.7,0.0,5.0,6.8,S,31.0,12:01,12.3,59,1,WSW,7,1026.3,15.3,56,7.0,S,15,1025.5,12.3,8.799999999999999,No Rain,No Rain,2024,11,10,November,Spring
2024-12-10,11.0,17.0,0.0,5.0,10.4,SSW,37.0,15:25,12.8,57,4,SSE,11,1030.0,16.2,53,1.0,SSW,19,1027.1,14.0,6.0,No Rain,No Rain,2024,12,10,December,Summer
2024-10-13,7.2,24.3,0.0,5.4,10.2,N,48.0,9:23,15.8,52,5,N,15,1022.1,23.0,32,7.0,N,24,1017.7,15.75,17.1,No Rain,No Rain,2024,10,13,October,Spring
2024-10-14,14.5,19.8,0.0,6.8,8.8,SSW,39.0,16:10,16.0,83,4,S,6,1019.1,17.9,73,1.0,SSW,13,1018.5,17.15,5.300000000000001,No Rain,No Rain,2024,10,14,October,Spring
2024-10-15,10.4,26.9,0.0,3.0,8.1,NE,28.0,12:15,14.6,77,3,NNW,2,1021.3,25.8,38,7.0,NE,9,1017.0,18.65,16.5,No Rain,No Rain,2024,10,15,October,Spring
2024-10-16,14.6,25.2,1.8,6.2,7.8,NNW,37.0,11:48,18.5,65,5,N,15,1018.1,24.5,45,6.0,N,17,1014.9,19.9,10.6,Rainy,Light,2024,10,16,October,Spring
2024-10-17,16.2,25.7,0.0,7.2,4.6,N,46.0,9:46,21.3,65,7,N,15,1013.7,25.2,46,7.0,NNE,13,1009.7,20.95,9.5,No Rain,No Rain,2024,10,17,October,Spring
2024-10-18,19.3,21.9,4.0,3.6,2.1,N,39.0,1:50,19.9,84,8,N,17,999.5,20.0,94,6.0, ,Calm,997.4,20.6,2.599999999999998,Rainy,Moderate,2024,10,18,October,Spring
2024-10-19,13.2,16.8,32.4,5.8,7.5,SW,39.0,1:53,13.4,89,8,SSW,19,1016.3,16.5,74,6.0,S,13,1019.0,15.0,3.6000000000000014,Rainy,Heavy,2024,10,19,October,Spring
2024-10-20,13.2,17.6,0.0,4.0,10.0,SSW,31.0,14:57,15.2,74,5,SSE,9,1024.5,17.1,70,5.0,SSW,13,1024.1,15.4,4.400000000000002,No Rain,No Rain,2024,10,20,October,Spring
2024-10-21,9.8,27.8,0.0,5.4,11.5,E,22.0,14:59,14.0,79,4,NNE,9,1021.6,25.2,45,1.0,SSW,6,1017.1,18.8,18.0,No Rain,No Rain,2024,10,21,October,Spring
2024-10-22,13.9,30.6,0.0,6.8,8.3,S,44.0,15:27,22.0,48,7,N,22,1012.7,29.7,32,6.0,N,20,1009.5,22.25,16.700000000000003,No Rain,No Rain,2024,10,22,October,Spring
2024-10-23,13.1,19.6,0.0,5.6,7.9,SW,54.0,18:50,13.4,74,7,SW,6,1012.9,18.1,52,2.0,S,13,1008.4,16.35,6.500000000000002,No Rain,No Rain,2024,10,23,October,Spring
2024-10-24,10.4,16.9,0.0,6.4,11.5,S,35.0,12:59,13.4,59,5,WSW,11,1015.7,15.5,49,7.0,S,17,1014.9,13.649999999999999,6.499999999999998,No Rain,No Rain,2024,10,24,October,Spring
2024-10-25,9.8,15.4,0.2,6.8,8.5,S,35.0,13:05,11.0,70,4,WSW,11,1020.8,15.0,44,3.0,S,13,1021.4,12.600000000000001,5.6,Rainy,Light,2024,10,25,October,Spring
2024-10-26,5.9,22.8,0.2,2.6,11.1,NNE,30.0,16:23,11.6,60,3, ,Calm,1021.7,20.4,32,1.0,SSW,9,1017.3,14.350000000000001,16.9,Rainy,Light,2024,10,26,October,Spring
2024-10-27,11.5,25.7,0.0,7.6,6.5,NNW,39.0,9:00,18.9,35,7,N,17,1015.8,25.4,31,5.0,SSW,7,1014.0,18.6,14.2,No Rain,No Rain,2024,10,27,October,Spring
2024-10-28,12.3,17.1,0.0,6.8,11.0,SE,35.0,13:05,14.3,76,7,SSW,11,1022.9,16.2,53,7.0,SSE,15,1024.0,14.700000000000001,4.800000000000001,No Rain,No Rain,2024,10,28,October,Spring
2024-10-29,10.0,18.6,0.0,5.2,7.3,SSW,28.0,18:35,13.8,67,7,SW,7,1026.5,17.9,53,1.0,S,11,1024.7,14.3,8.600000000000001,No Rain,No Rain,2024,10,29,October,Spring
2024-10-30,11.8,21.5,0.0,5.2,9.3,S,31.0,17:01,13.7,68,7,W,7,1020.2,19.4,50,1.0,S,9,1015.8,16.65,9.7,No Rain,No Rain,2024,10,30,October,Spring
2024-10-31,12.3,18.7,0.0,5.2,5.0,SSW,33.0,15:37,14.1,74,4,SSW,6,1014.2,17.1,54,7.0,SSW,11,1013.7,15.5,6.399999999999999,No Rain,No Rain,2024,10,31,October,Spring
2024-01-11,12.1,16.6,0.0,4.0,7.6,SW,33.0,14:32,12.9,53,7,SE,11,1020.0,16.0,47,4.0,S,15,1021.0,14.350000000000001,4.500000000000002,No Rain,No Rain,2024,1,11,January,Summer
2024-02-11,7.4,25.8,0.0,5.2,7.8,N,44.0,13:45,13.0,64,1,NNW,9,1019.6,24.8,23,7.0,N,20,1013.0,16.6,18.4,No Rain,No Rain,2024,2,11,February,Summer
2024-03-11,12.9,21.3,0.0,14.4,11.5,N,57.0,3:34,18.7,60,3,SSW,19,1008.6,20.7,42,1.0,S,15,1009.2,17.1,8.4,No Rain,No Rain,2024,3,11,March,Autumn
2024-04-11,12.9,19.2,0.0,7.6,7.7,S,30.0,17:33,15.5,57,6,SW,7,1015.1,18.8,47,4.0,SSW,9,1015.6,16.05,6.299999999999999,No Rain,No Rain,2024,4,11,April,Autumn
2024-05-11,9.5,26.0,0.0,4.8,10.7,S,20.0,13:31,15.6,63,1, ,Calm,1017.3,23.4,43,1.0,S,9,1012.4,17.75,16.5,No Rain,No Rain,2024,5,11,May,Autumn
2024-06-11,15.5,32.8,0.0,8.4,7.2,N,56.0,10:07,25.9,29,7,N,22,1005.5,29.0,42,7.0,WNW,6,1002.4,24.15,17.299999999999997,No Rain,No Rain,2024,6,11,June,Winter
2024-07-11,14.0,21.6,1.4,10.2,6.1,SSW,28.0,14:12,15.0,63,7,S,7,1011.0,19.8,46,6.0,S,13,1007.2,17.8,7.600000000000001,Rainy,Light,2024,7,11,July,Winter
2024-08-11,11.9,19.9,1.8,5.2,8.1,NW,46.0,12:16,15.7,55,6,NNW,19,1010.9,17.9,44,2.0,W,17,1013.3,15.899999999999999,7.999999999999998,Rainy,Light,2024,8,11,August,Winter
2024-09-11,8.2,19.0,0.6,5.2,5.9,NNW,30.0,9:05,14.2,56,2,N,9,1020.3,18.7,37,7.0,SW,6,1018.4,13.6,10.8,Rainy,Light,2024,9,11,September,Spring
2024-10-11,9.6,20.9,0.0,4.2,11.1,S,28.0,11:47,15.2,67,4,E,4,1024.0,19.1,47,3.0,SSW,13,1022.5,15.25,11.299999999999999,No Rain,No Rain,2024,10,11,October,Spring
2024-11-11,10.0,24.7,0.0,6.4,9.4,SSE,33.0,16:19,16.3,66,1,SE,2,1020.9,21.3,62,7.0,SSW,15,1017.8,17.35,14.7,No Rain,No Rain,2024,11,11,November,Spring
2024-12-11,13.2,25.0,0.0,6.8,5.7,WSW,28.0,17:05,17.7,72,4,N,2,1016.3,22.2,65,7.0,SW,7,1011.5,19.1,11.8,No Rain,No Rain,2024,12,11,December,Summer
2024-11-13,15.9,18.3,1.8,3.8,4.1,SSE,35.0,14:54,17.6,90,7,SW,2,1012.0,17.1,67,5.0,S,17,1014.3,17.1,2.4000000000000004,Rainy,Light,2024,11,13,November,Spring
2024-11-14,13.2,17.4,5.4,3.8,7.7,SSW,37.0,14:40,14.2,55,7,SSE,11,1020.4,17.1,50,1.0,S,11,1019.9,15.299999999999999,4.199999999999999,Rainy,Moderate,2024,11,14,November,Spring
2024-11-15,10.5,20.7,0.0,6.6,10.8,SSW,30.0,11:46,15.2,52,7,SE,7,1021.4,17.5,53,3.0,S,15,1018.7,15.6,10.2,No Rain,No Rain,2024,11,15,November,Spring
2024-11-16,10.7,33.6,0.0,7.8,10.0,NNW,52.0,13:29,20.7,53,6,N,4,1015.5,32.0,23,7.0,N,26,1010.3,22.15,22.900000000000002,No Rain,No Rain,2024,11,16,November,Spring
2024-11-17,19.9,23.7,0.0,15.6,5.6,N,56.0,2:27,22.5,46,7,WSW,4,1001.4,18.6,51,3.0,NNW,7,1007.3,21.799999999999997,3.8000000000000007,No Rain,No Rain,2024,11,17,November,Spring
2024-11-18,11.9,18.9,1.8,7.4,9.3,NW,41.0,23:01,15.2,56,7,W,13,1018.3,17.4,56,6.0,SSW,13,1020.0,15.399999999999999,6.999999999999998,Rainy,Light,2024,11,18,November,Spring
2024-11-19,13.5,17.1,0.0,5.6,9.8,SSW,37.0,15:46,14.6,53,7,SSE,7,1025.3,16.8,52,1.0,SSW,17,1024.6,15.3,3.6000000000000014,No Rain,No Rain,2024,11,19,November,Spring
2024-11-20,13.0,17.8,0.0,4.0,7.6,S,33.0,15:29,14.4,59,7,SSE,9,1025.9,16.9,59,7.0,S,17,1024.0,15.4,4.800000000000001,No Rain,No Rain,2024,11,20,November,Spring
2024-11-21,10.4,25.6,0.0,5.6,11.3,SSW,28.0,14:45,15.1,77,1,N,9,1023.3,22.7,60,4.0,SW,13,1018.9,18.0,15.200000000000001,No Rain,No Rain,2024,11,21,November,Spring
2024-11-22,15.0,37.0,0.0,8.0,9.4,,,,23.1,59,4,NNE,9,1019.8,35.5,18,7.0,SSE,11,1016.0,26.0,22.0,No Rain,No Rain,2024,11,22,November,Spring
2024-11-23,22.7,36.5,0.0,13.8,3.8,S,44.0,16:06,29.0,30,7,N,17,1015.4,35.9,19,7.0,WNW,11,1012.0,29.6,13.8,No Rain,No Rain,2024,11,23,November,Spring
2024-11-24,18.5,21.9,9.8,10.0,0.0,SSW,20.0,18:17,19.2,100,8, ,Calm,1017.1,21.0,92,8.0,SSW,7,1016.1,20.2,3.3999999999999986,Rainy,Moderate,2024,11,24,November,Spring
2024-11-25,16.7,18.7,5.2,0.0,0.0,SSW,22.0,9:05,17.2,100,8,SSW,11,1015.0,18.1,100,8.0,WSW,6,1012.8,17.7,2.0,Rainy,Moderate,2024,11,25,November,Spring
2024-11-26,17.0,26.5,1.4,0.0,5.3,WSW,22.0,16:40,18.3,100,7,NW,7,1010.0,24.5,68,7.0,SSW,9,1006.5,21.75,9.5,Rainy,Light,2024,11,26,November,Spring
2024-11-27,18.3,31.0,24.4,8.6,6.2,NW,50.0,11:38,21.3,100,7,N,7,1001.5,24.1,62,6.0,WSW,17,1000.2,24.65,12.7,Rainy,Heavy,2024,11,27,November,Spring
2024-11-28,15.7,24.8,8.4,6.2,9.7,SSW,35.0,14:29,19.3,70,5,SSW,7,1013.8,23.7,58,3.0,S,11,1014.4,20.25,9.100000000000001,Rainy,Moderate,2024,11,28,November,Spring
2024-11-29,17.0,30.2,0.0,6.8,12.2,SSE,37.0,17:08,21.2,72,7,SE,2,1017.5,27.2,59,1.0,SSW,9,1013.6,23.6,13.2,No Rain,No Rain,2024,11,29,November,Spring
2024-11-30,19.6,23.9,1.4,7.6,1.5,NW,26.0,19:43,19.7,100,8,S,2,1009.2,22.3,95,7.0,E,9,1001.1,21.75,4.299999999999997,Rainy,Light,2024,11,30,November,Spring
2024-01-12,18.8,24.9,11.2,3.2,7.0,N,44.0,9:31,21.1,59,1,N,22,1002.7,24.0,47,7.0,W,11,1002.8,21.85,6.099999999999998,Rainy,Heavy,2024,1,12,January,Summer
2024-02-12,15.5,31.8,1.8,6.6,12.3,N,41.0,13:45,20.8,70,5,NNE,6,1006.8,29.9,33,7.0,NNW,24,1002.5,23.65,16.3,Rainy,Light,2024,2,12,February,Summer
2024-03-12,20.7,31.1,0.4,9.8,10.7,WNW,43.0,12:59,25.5,69,7,N,20,1000.3,30.0,32,5.0,W,15,1001.2,25.9,10.400000000000002,Rainy,Light,2024,3,12,March,Autumn
2024-04-12,13.4,24.8,0.0,12.0,13.0,SW,30.0,12:46,17.2,56,3,S,11,1017.4,20.8,55,1.0,SSW,15,1016.9,19.1,11.4,No Rain,No Rain,2024,4,12,April,Autumn
2024-05-12,13.9,33.2,0.0,7.4,13.6,SSE,28.0,17:41,20.5,67,0,ENE,4,1017.1,32.0,18,1.0,SSW,13,1014.6,23.55,19.300000000000004,No Rain,No Rain,2024,5,12,May,Autumn
2024-06-12,20.4,30.4,0.0,11.2,3.2,SSW,39.0,11:15,27.8,47,7,NNE,9,1014.1,23.7,60,8.0,SSW,13,1015.4,25.4,10.0,No Rain,No Rain,2024,6,12,June,Winter
2024-07-12,19.5,26.6,3.8,5.2,10.0,S,35.0,16:07,23.4,79,7,N,13,1007.1,26.0,66,3.0,SSW,11,1006.7,23.05,7.100000000000001,Rainy,Moderate,2024,7,12,July,Winter
2024-08-12,13.8,20.5,0.0,8.6,12.2,WSW,31.0,6:43,16.6,53,6,SW,13,1015.3,19.6,47,1.0,S,15,1015.0,17.15,6.699999999999999,No Rain,No Rain,2024,8,12,August,Winter
2024-09-12,12.7,21.7,0.0,8.0,8.6,SSW,26.0,17:22,15.3,61,7,W,9,1016.9,19.6,45,1.0,SSW,9,1015.4,17.2,9.0,No Rain,No Rain,2024,9,12,September,Spring
2024-10-12,14.6,21.9,0.0,6.0,10.9,S,33.0,15:03,17.6,57,6,SSW,9,1016.0,21.2,43,7.0,SSW,11,1014.6,18.25,7.299999999999999,No Rain,No Rain,2024,10,12,October,Spring
2024-11-12,13.9,24.0,0.0,7.2,10.7,W,28.0,7:56,16.4,60,7,WSW,13,1013.5,22.0,39,2.0,SSW,9,1010.4,18.95,10.1,No Rain,No Rain,2024,11,12,November,Spring
2024-12-12,16.2,26.5,0.0,7.6,11.6,WSW,30.0,1:39,17.4,66,5,NW,9,1009.9,24.3,53,4.0,S,11,1007.6,21.35,10.3,No Rain,No Rain,2024,12,12,December,Summer
2024-12-13,16.8,21.7,0.0,8.2,9.9,S,28.0,10:43,17.6,72,7,W,7,1010.1,21.1,60,3.0,SSW,15,1010.4,19.25,4.899999999999999,No Rain,No Rain,2024,12,13,December,Summer
2024-12-14,12.6,24.2,0.0,7.0,4.2,SSW,28.0,16:22,17.5,65,6,ESE,9,1011.7,23.8,53,7.0,SSW,11,1008.9,18.4,11.6,No Rain,No Rain,2024,12,14,December,Summer
2024-12-15,12.8,31.6,0.0,5.2,12.9,SSE,28.0,18:10,19.2,64,0,ENE,2,1013.3,27.4,54,1.0,WSW,9,1010.0,22.200000000000003,18.8,No Rain,No Rain,2024,12,15,December,Summer
2024-12-16,18.8,39.4,0.0,11.2,2.6,NNW,56.0,13:52,29.9,42,7,NNE,11,1006.4,37.3,27,6.0,N,31,1001.4,29.1,20.599999999999998,No Rain,No Rain,2024,12,16,December,Summer
2024-12-17,17.6,23.4,1.2,12.6,11.5,SSE,43.0,17:29,19.0,58,4,WSW,11,1011.7,21.0,51,3.0,S,17,1011.9,20.5,5.799999999999997,Rainy,Light,2024,12,17,December,Summer
2024-12-18,15.2,21.8,0.0,10.2,12.4,SSW,43.0,13:42,17.4,56,7,SSE,13,1021.6,20.3,50,1.0,S,20,1020.8,18.5,6.600000000000001,No Rain,No Rain,2024,12,18,December,Summer
2024-12-19,11.3,31.1,0.0,9.2,13.5,N,35.0,9:44,17.6,61,0,NNW,11,1019.9,29.4,27,1.0,E,9,1015.5,21.200000000000003,19.8,No Rain,No Rain,2024,12,19,December,Summer
2024-12-20,16.2,34.6,0.0,11.4,10.0,SSW,44.0,15:39,23.3,45,1,NNE,6,1011.2,34.0,24,7.0,NNE,13,1006.3,25.4,18.400000000000002,No Rain,No Rain,2024,12,20,December,Summer
2024-12-21,16.5,20.3,0.0,10.8,8.7,S,41.0,13:44,18.2,53,7,S,13,1014.1,19.0,52,5.0,SSW,20,1013.1,18.4,3.8000000000000007,No Rain,No Rain,2024,12,21,December,Summer
2024-12-22,14.3,21.6,0.0,8.6,7.5,S,44.0,19:40,16.4,56,7,SSE,7,1010.2,20.6,42,3.0,SSW,13,1006.3,17.950000000000003,7.300000000000001,No Rain,No Rain,2024,12,22,December,Summer
2024-12-23,11.0,18.5,16.0,7.0,8.5,SSW,43.0,19:52,14.4,63,3,SW,15,1009.4,17.9,51,7.0,SSW,15,1010.0,14.75,7.5,Rainy,Heavy,2024,12,23,December,Summer
2024-12-24,12.7,23.0,0.8,6.8,6.3,SSW,28.0,9:06,15.5,69,7,W,13,1016.4,21.1,52,7.0,SSW,9,1015.9,17.85,10.3,Rainy,Light,2024,12,24,December,Summer
2024-12-25,15.5,33.4,0.0,6.4,12.5,SE,30.0,17:11,19.2,71,1,ENE,7,1016.4,31.2,27,1.0,SSE,6,1012.1,24.45,17.9,No Rain,No Rain,2024,12,25,December,Summer
2024-12-26,18.8,36.7,0.0,15.6,2.0,SW,52.0,20:30,30.7,28,5,N,19,1005.6,36.0,15,7.0,NNW,20,998.8,27.75,17.900000000000002,No Rain,No Rain,2024,12,26,December,Summer
2024-12-27,16.5,21.5,0.0,13.2,5.7,S,39.0,16:19,17.1,56,7,W,11,1006.0,20.5,47,7.0,SSW,13,1007.0,19.0,5.0,No Rain,No Rain,2024,12,27,December,Summer
2024-12-28,11.9,23.7,0.0,7.0,6.3,SSW,46.0,16:35,18.3,46,2,NNW,6,1009.9,22.8,34,7.0,W,11,1008.5,17.8,11.799999999999999,No Rain,No Rain,2024,12,28,December,Summer
2024-12-29,12.0,25.3,3.4,5.6,12.8,SSW,28.0,17:40,17.0,62,1,WSW,6,1016.8,24.0,41,6.0,SSW,9,1015.9,18.65,13.3,Rainy,Moderate,2024,12,29,December,Summer
2024-12-30,14.0,26.9,0.0,8.4,8.3,SSW,33.0,18:35,19.9,65,5,S,4,1017.8,26.6,43,7.0,S,9,1015.4,20.45,12.899999999999999,No Rain,No Rain,2024,12,30,December,Summer
2024-12-31,16.3,25.0,0.0,7.6,11.6,S,35.0,18:06,19.7,68,7, ,Calm,1018.1,22.9,50,1.0,SSW,15,1015.2,20.65,8.7,No Rain,No Rain,2024,12,31,December,Summer
2025-01-01,14.9,21.7,0.0,8.2,8.3,SSE,41.0,17:34,17.1,69,7,SSW,9,1016.7,20.8,54,1.0,S,15,1016.5,18.3,6.799999999999999,No Rain,No Rain,2025,1,1,January,Summer
2025-02-01,14.3,20.4,0.0,8.4,12.5,SSW,41.0,14:30,17.5,46,6,SE,17,1022.7,19.9,44,1.0,S,17,1022.1,17.35,6.099999999999998,No Rain,No Rain,2025,2,1,February,Summer
2025-03-01,11.3,25.4,0.0,10.4,13.5,SSW,30.0,14:50,16.7,61,1, ,Calm,1019.8,24.2,50,1.0,SSW,11,1014.6,18.35,14.099999999999998,No Rain,No Rain,2025,3,1,March,Autumn
2025-04-01,16.2,37.4,0.0,10.0,10.0,NNW,31.0,10:06,24.6,49,3,NNE,6,1012.2,36.2,12,7.0,W,6,1009.4,26.799999999999997,21.2,No Rain,No Rain,2025,4,1,April,Autumn
2025-05-01,19.2,38.0,0.0,15.6,4.6,N,37.0,14:06,25.3,36,7,NNE,13,1011.5,36.9,15,6.0,N,19,1008.4,28.6,18.8,No Rain,No Rain,2025,5,1,May,Autumn
2025-06-01,17.1,18.9,2.2,15.8,0.3,SSW,33.0,18:36,17.1,91,8,SSW,11,1017.2,16.1,83,8.0,S,13,1019.6,18.0,1.7999999999999972,Rainy,Moderate,2025,6,1,June,Winter
2025-07-01,14.5,25.3,24.6,4.4,12.0,SE,43.0,14:09,18.4,57,1,SE,11,1023.2,24.3,46,7.0,SE,20,1020.7,19.9,10.8,Rainy,Heavy,2025,7,1,July,Winter
2025-08-01,12.9,30.2,0.0,7.4,13.2,SSE,33.0,15:08,18.2,66,1,NNE,7,1020.6,28.5,39,3.0,SSW,13,1016.0,21.55,17.299999999999997,No Rain,No Rain,2025,8,1,August,Winter
2025-09-01,18.0,32.5,0.0,11.4,6.1,N,41.0,10:36,24.1,43,7,N,17,1015.4,29.5,28,7.0,NW,15,1013.7,25.25,14.5,No Rain,No Rain,2025,9,1,September,Spring
2025-10-01,18.1,26.8,0.0,9.0,10.8,SSW,31.0,13:03,21.5,64,7, ,Calm,1015.6,26.2,55,5.0,SSW,13,1013.6,22.450000000000003,8.7,No Rain,No Rain,2025,10,1,October,Spring
2025-11-01,18.9,34.2,0.0,10.0,9.0,NNW,41.0,8:34,25.6,55,1,NNE,9,1011.4,32.3,34,7.0,SSW,11,1007.2,26.55,15.300000000000004,No Rain,No Rain,2025,11,1,November,Spring
2025-12-01,20.5,28.1,0.0,10.2,2.7,N,33.0,4:00,25.3,55,6,N,17,1007.3,21.2,90,8.0,WNW,2,1009.2,24.3,7.600000000000001,No Rain,No Rain,2025,12,1,December,Summer
2025-01-13,18.9,25.3,31.0,1.8,10.5,S,33.0,15:33,20.7,75,7,N,2,1008.7,23.4,71,6.0,SSW,15,1006.5,22.1,6.400000000000002,Rainy,Heavy,2025,1,13,January,Summer
2025-01-14,18.0,27.0,0.0,6.2,11.1,SSW,28.0,12:26,19.1,75,7,NNW,2,1009.3,22.8,67,1.0,SSW,17,1007.0,22.5,9.0,No Rain,No Rain,2025,1,14,January,Summer
2025-01-15,18.8,24.1,0.0,8.0,0.3,S,48.0,17:42,22.8,74,7,SSW,9,997.7,22.4,64,7.0,S,11,998.9,21.450000000000003,5.300000000000001,No Rain,No Rain,2025,1,15,January,Summer
2025-01-16,13.7,21.6,2.2,0.8,9.9,SSW,35.0,10:27,16.1,70,7,SW,7,1010.9,20.7,48,4.0,S,15,1012.9,17.65,7.900000000000002,Rainy,Moderate,2025,1,16,January,Summer
2025-01-17,16.1,21.4,2.2,7.4,10.6,SSW,39.0,14:51,19.4,65,6,SSE,13,1018.8,20.2,57,1.0,S,19,1020.2,18.75,5.299999999999997,Rainy,Moderate,2025,1,17,January,Summer
2025-01-18,16.1,30.3,0.2,7.2,13.4,SE,33.0,2:49,19.7,59,1,E,7,1021.6,26.9,35,0.0,SSW,11,1018.9,23.200000000000003,14.2,Rainy,Light,2025,1,18,January,Summer
2025-01-19,16.0,33.9,0.0,8.2,11.2,SSW,31.0,13:28,22.1,59,1,ENE,2,1018.4,32.9,20,6.0,SSW,13,1014.2,24.95,17.9,No Rain,No Rain,2025,1,19,January,Summer
2025-01-20,18.3,34.6,0.0,11.8,6.1,SSE,31.0,16:12,23.1,56,7,NNE,6,1011.5,33.9,23,7.0,SSE,7,1007.5,26.450000000000003,16.3,No Rain,No Rain,2025,1,20,January,Summer
2025-01-21,19.3,28.3,0.0,11.8,11.5,SSW,43.0,16:47,22.9,73,1,WNW,4,1008.6,25.4,67,1.0,SSW,19,1004.1,23.8,9.0,No Rain,No Rain,2025,1,21,January,Summer
2025-01-22,17.6,22.1,0.0,8.0,8.0,S,43.0,15:37,18.5,63,7,S,15,1012.4,20.9,55,5.0,SSW,19,1013.3,19.85,4.5,No Rain,No Rain,2025,1,22,January,Summer
2025-01-23,13.2,20.4,0.0,7.6,1.2,SSW,35.0,15:34,16.9,64,8,S,7,1010.5,18.9,72,8.0,S,15,1008.7,16.799999999999997,7.199999999999999,No Rain,No Rain,2025,1,23,January,Summer
2025-01-24,14.6,23.3,0.0,4.8,10.9,SSW,39.0,23:30,16.8,63,7,SW,11,1012.6,21.6,44,2.0,SSE,15,1012.4,18.95,8.700000000000001,No Rain,No Rain,2025,1,24,January,Summer
2025-01-25,16.7,24.8,0.0,6.8,10.3,SSW,37.0,17:23,19.1,66,7,SSE,4,1013.9,23.6,46,1.0,SSE,9,1012.9,20.75,8.100000000000001,No Rain,No Rain,2025,1,25,January,Summer
2025-01-26,16.8,25.3,0.0,7.8,10.3,S,33.0,12:02,19.5,71,7,E,11,1016.0,21.7,60,3.0,SSW,17,1013.1,21.05,8.5,No Rain,No Rain,2025,1,26,January,Summer
2025-01-27,17.0,39.8,0.0,7.8,9.1,N,48.0,11:59,25.3,52,5,N,11,1006.0,37.8,23,2.0,NNW,19,1001.6,28.4,22.799999999999997,No Rain,No Rain,2025,1,27,January,Summer
2025-01-28,18.2,22.6,0.2,14.4,8.9,SSW,39.0,13:08,18.9,61,7,SSW,15,1014.5,21.6,45,5.0,S,19,1017.1,20.4,4.400000000000002,Rainy,Light,2025,1,28,January,Summer
2025-01-29,15.5,22.6,0.0,9.4,10.3,,,,17.8,50,7,SE,11,1018.9,19.6,52,5.0,S,17,1018.0,19.05,7.100000000000001,No Rain,No Rain,2025,1,29,January,Summer
2025-01-30,15.5,22.6,0.0,8.8,8.7,,,,17.3,53,7,SSE,11,1016.3,20.2,45,1.0,SSW,17,1016.0,19.05,7.100000000000001,No Rain,No Rain,2025,1,30,January,Summer
2025-01-31,15.5,22.5,0.0,7.2,12.9,SSW,41.0,14:03,19.1,61,6,SSE,9,1019.3,22.5,54,1.0,SSW,15,1018.3,19.0,7.0,No Rain,No Rain,2025,1,31,January,Summer
